STARTED,1485837222278
FINISHED,1485837238614
REQUESTED,1485837238615
STARTED,1485837238644
FINISHED,1485837251449
REQUESTED,1485837251450
STARTED,1485837251460
FINISHED,1485837255339
REQUESTED,1485837255340
STARTED,1485837255365
FINISHED,1485837268171
REQUESTED,1485837268173
STARTED,1485837268206
FINISHED,1485837283531
REQUESTED,1485837283532
STARTED,1485837283560
FINISHED,1485837296360
REQUESTED,1485837296362
STARTED,1485837296397
FINISHED,1485837309197
REQUESTED,1485837309198
STARTED,1485837309207
FINISHED,1485837323611
REQUESTED,1485837323612
STARTED,1485837323628
FINISHED,1485837337795
REQUESTED,1485837337796
STARTED,1485837337806
FINISHED,1485837351465
REQUESTED,1485837351468
STARTED,1485837351491
