FINISHED,1485837359447
REQUESTED,1485837359451
STARTED,1485837359467
FINISHED,1485837359468
REQUESTED,1485837359469
STARTED,1485837359483
FINISHED,1485837359487
REQUESTED,1485837359488
STARTED,1485837359505
FINISHED,1485837359506
REQUESTED,1485837359507
STARTED,1485837359527
FINISHED,1485837359528
REQUESTED,1485837359528
STARTED,1485837359541
FINISHED,1485837359542
REQUESTED,1485837359542
STARTED,1485837359559
FINISHED,1485837359560
REQUESTED,1485837359560
STARTED,1485837359571
FINISHED,1485837359572
REQUESTED,1485837359572
STARTED,1485837359580
FINISHED,1485837375938
REQUESTED,1485837375939
STARTED,1485837375960
FINISHED,1485837388772
REQUESTED,1485837388775
STARTED,1485837388830
